hour,speed,sensor_type,vehicle_type,registered,passenger_count,rash_driving_flag,vehicle_count
6,41.96,Infrared,Car,Registered,3,0,53
19,45.91,Loop,Car,Registered,4,0,55
14,54.71,Loop,Bus,Registered,4,0,75
10,46.89,Infrared,Motorbike,Registered,3,0,53
7,16.54,Camera,Motorbike,Unregistered,3,0,46
20,64.21,Infrared,Car,Registered,4,0,41
6,35.77,Camera,Car,Registered,1,0,44
18,76.67,Loop,Car,Registered,4,1,77
22,55.3,Camera,Truck,Registered,5,0,43
10,46.06,Infrared,Car,Registered,4,0,55
10,51.59,Loop,Bus,Registered,3,0,77
23,43.37,Infrared,Motorbike,Registered,2,0,35
20,37.7,Infrared,Car,Registered,5,0,46
3,48.11,Camera,Motorbike,Registered,3,0,24
7,58.27,Infrared,Car,Registered,1,0,63
23,38.03,Camera,Bus,Registered,2,0,31
2,35.67,Loop,Truck,Registered,5,0,35
21,39.67,Camera,Car,Registered,4,0,61
20,59.28,Loop,Car,Registered,5,0,65
1,66.79,Camera,Motorbike,Registered,3,0,33
23,50.43,Infrared,Truck,Registered,5,0,20
11,53.72,Camera,Car,Registered,5,0,84
5,35.55,Camera,Motorbike,Registered,1,0,43
1,58.15,Loop,Motorbike,Registered,3,0,31
20,53.28,Infrared,Motorbike,Unregistered,3,0,47
0,34.35,Camera,Car,Unregistered,2,0,31
11,18.18,Infrared,Motorbike,Registered,3,0,62
21,26.69,Camera,Truck,Registered,1,0,40
11,34.96,Camera,Car,Registered,3,0,74
16,62.43,Infrared,Car,Registered,1,0,58
9,68.29,Camera,Truck,Registered,4,0,80
15,38.41,Infrared,Car,Registered,4,0,67
14,38.88,Camera,Bus,Registered,5,0,77
14,48.92,Loop,Car,Registered,3,0,64
18,45.18,Infrared,Car,Registered,1,0,63
11,58.96,Camera,Bus,Registered,4,0,75
22,37.15,Camera,Car,Registered,2,0,43
19,59.24,Loop,Car,Registered,4,0,53
2,41.41,Infrared,Car,Registered,2,0,28
4,57.81,Camera,Motorbike,Registered,1,0,45
18,40.93,Loop,Car,Registered,4,0,36
6,35.8,Camera,Car,Registered,4,0,51
20,73.68,Infrared,Truck,Registered,1,0,62
8,60.98,Camera,Car,Registered,4,0,67
6,18.12,Camera,Motorbike,Registered,1,0,36
17,38.3,Camera,Car,Registered,4,0,67
3,63.07,Camera,Motorbike,Registered,2,0,49
13,27.05,Loop,Car,Registered,5,0,70
17,56.56,Loop,Truck,Registered,2,0,64
8,55.01,Infrared,Car,Unregistered,3,0,52
20,34.51,Loop,Car,Registered,1,0,42
1,44.87,Loop,Car,Registered,2,0,36
19,13.65,Infrared,Car,Registered,5,0,29
14,71.56,Loop,Car,Registered,5,0,75
6,40.36,Loop,Car,Registered,1,0,56
11,57.06,Infrared,Bus,Registered,1,0,78
7,54.21,Infrared,Car,Registered,2,0,38
14,65.37,Infrared,Car,Registered,4,0,63
2,38.5,Camera,Motorbike,Registered,3,0,31
13,48.06,Camera,Motorbike,Registered,1,0,81
16,53.39,Infrared,Car,Registered,3,0,50
3,58.09,Infrared,Car,Registered,5,0,32
17,62.32,Infrared,Car,Registered,4,0,57
7,37.84,Camera,Motorbike,Registered,2,0,62
3,35.04,Camera,Motorbike,Registered,2,0,23
1,65.4,Loop,Car,Registered,3,0,37
5,14.44,Loop,Bus,Unregistered,1,0,31
21,68.55,Infrared,Bus,Registered,3,0,52
9,40.47,Camera,Motorbike,Registered,3,0,67
3,44.93,Camera,Bus,Registered,1,0,33
21,34.76,Camera,Car,Registered,5,0,48
17,44.28,Infrared,Car,Registered,3,0,53
11,64.07,Loop,Car,Unregistered,4,0,80
1,56.56,Infrared,Car,Registered,3,0,27
9,52.39,Loop,Car,Registered,5,0,70
3,46.33,Loop,Truck,Registered,1,0,37
13,23.32,Infrared,Car,Registered,5,0,84
15,32.34,Loop,Car,Registered,2,0,65
14,39.85,Loop,Car,Registered,2,0,72
7,51.87,Camera,Truck,Registered,4,0,53
13,46.04,Loop,Car,Registered,5,0,72
22,59.75,Infrared,Car,Registered,4,0,17
7,52.1,Infrared,Car,Registered,4,0,51
20,45.82,Loop,Car,Registered,2,0,56
15,79.14,Camera,Truck,Registered,4,1,83
12,51.09,Camera,Truck,Registered,2,0,66
17,38.52,Loop,Car,Registered,1,0,54
14,72.9,Loop,Truck,Registered,5,0,61
20,63.01,Infrared,Motorbike,Registered,1,0,52
23,72.24,Loop,Bus,Registered,2,0,34
12,43.34,Camera,Car,Registered,3,0,73
8,59.64,Loop,Car,Registered,4,0,59
14,23.21,Infrared,Car,Registered,1,0,71
12,56.76,Infrared,Motorbike,Registered,3,0,69
0,42.63,Infrared,Car,Registered,3,0,32
6,24.67,Infrared,Car,Registered,2,0,40
8,60.49,Infrared,Car,Registered,4,0,65
23,17.85,Loop,Motorbike,Registered,3,0,25
0,16.31,Loop,Car,Registered,1,0,38
11,50.44,Loop,Motorbike,Registered,1,0,56
7,53.57,Loop,Truck,Registered,1,0,59
23,59.56,Infrared,Car,Registered,2,0,27
10,56.13,Camera,Motorbike,Registered,2,0,68
18,67.15,Loop,Car,Registered,5,0,66
16,55.5,Camera,Bus,Registered,3,0,75
7,43.02,Loop,Car,Registered,3,0,55
2,43.9,Loop,Motorbike,Registered,1,0,22
2,40.77,Camera,Bus,Registered,5,0,44
0,49.43,Infrared,Truck,Registered,4,0,22
4,28.54,Loop,Motorbike,Registered,1,0,28
9,50.11,Loop,Car,Registered,3,0,67
6,43.7,Loop,Motorbike,Registered,3,0,44
8,49.13,Camera,Bus,Registered,1,0,63
6,49.18,Infrared,Motorbike,Registered,3,0,27
8,8.22,Camera,Car,Unregistered,4,0,52
7,31.48,Camera,Truck,Unregistered,4,0,52
11,43.37,Infrared,Motorbike,Registered,3,0,60
1,44.17,Camera,Motorbike,Registered,2,0,20
0,48.89,Infrared,Car,Registered,2,0,26
15,49.54,Loop,Motorbike,Registered,3,0,69
22,67.74,Infrared,Car,Registered,1,0,35
22,49.69,Loop,Motorbike,Registered,2,0,25
23,40.3,Camera,Car,Registered,5,0,47
4,21.01,Camera,Motorbike,Registered,2,0,30
2,24.47,Loop,Truck,Registered,4,0,25
11,53.03,Camera,Car,Registered,1,0,57
7,60.91,Infrared,Truck,Registered,3,0,61
21,68.12,Loop,Car,Registered,1,0,44
2,32.58,Camera,Bus,Registered,2,0,33
0,40.44,Loop,Motorbike,Registered,2,0,39
2,48.64,Infrared,Motorbike,Registered,2,0,23
4,75.71,Infrared,Motorbike,Registered,1,1,47
14,46.72,Camera,Bus,Registered,2,0,60
13,68.27,Infrared,Car,Registered,5,0,76
2,47.55,Loop,Car,Registered,5,0,44
0,62.3,Infrared,Motorbike,Unregistered,2,0,27
4,60.4,Loop,Bus,Registered,2,0,49
22,47.49,Loop,Motorbike,Registered,3,0,51
13,29.69,Infrared,Motorbike,Registered,3,0,61
6,40.96,Camera,Car,Registered,5,0,46
8,67.34,Infrared,Bus,Registered,4,0,51
14,58.17,Loop,Car,Registered,5,0,70
14,38.5,Loop,Car,Registered,3,0,63
9,39.87,Infrared,Car,Registered,4,0,49
12,19.04,Camera,Car,Registered,1,0,75
18,66.67,Camera,Car,Registered,1,0,59
6,58.29,Loop,Car,Registered,3,0,51
16,42.94,Loop,Motorbike,Registered,2,0,65
19,48.0,Camera,Car,Registered,2,0,65
3,12.44,Infrared,Car,Registered,3,0,17
4,37.7,Loop,Car,Registered,4,0,38
22,65.02,Loop,Car,Registered,4,0,48
6,59.72,Camera,Car,Registered,1,0,63
12,49.96,Infrared,Car,Registered,4,0,63
14,44.78,Camera,Motorbike,Registered,1,0,69
10,56.95,Infrared,Motorbike,Registered,1,0,56
3,40.78,Infrared,Motorbike,Unregistered,2,0,44
12,20.03,Infrared,Car,Registered,2,0,69
6,44.91,Loop,Car,Registered,1,0,46
18,51.05,Camera,Bus,Registered,4,0,74
21,61.84,Camera,Car,Registered,3,0,48
1,23.38,Infrared,Car,Registered,5,0,26
9,43.16,Loop,Car,Registered,1,0,61
12,43.87,Loop,Car,Registered,2,0,73
20,28.48,Camera,Car,Registered,3,0,47
5,52.32,Loop,Car,Registered,2,0,40
11,56.21,Loop,Motorbike,Registered,1,0,79
11,40.64,Infrared,Car,Registered,4,0,67
19,75.83,Loop,Motorbike,Registered,2,1,66
10,40.21,Infrared,Motorbike,Registered,1,0,61
22,38.3,Camera,Bus,Registered,5,0,32
6,37.86,Loop,Motorbike,Registered,2,0,56
0,32.77,Camera,Truck,Registered,5,0,30
0,36.61,Camera,Car,Registered,2,0,35
19,23.49,Loop,Car,Registered,1,0,50
12,42.13,Loop,Car,Registered,3,0,72
8,45.86,Camera,Motorbike,Registered,3,0,66
2,10.76,Loop,Bus,Registered,5,0,31
6,43.47,Infrared,Car,Registered,2,0,39
5,45.63,Infrared,Truck,Registered,2,0,48
7,52.72,Loop,Car,Unregistered,5,0,51
8,63.07,Camera,Truck,Registered,2,0,66
4,57.77,Loop,Car,Unregistered,4,0,38
0,35.69,Loop,Car,Registered,1,0,25
18,33.95,Camera,Car,Registered,3,0,64
9,53.69,Camera,Car,Registered,1,0,88
11,36.79,Infrared,Car,Registered,3,0,59
23,26.58,Camera,Car,Unregistered,4,0,41
14,80.61,Infrared,Bus,Registered,2,1,72
21,40.34,Camera,Car,Registered,5,0,43
23,35.6,Loop,Car,Registered,4,0,44
8,12.12,Infrared,Motorbike,Registered,1,0,36
19,57.77,Infrared,Motorbike,Registered,2,0,40
16,30.18,Infrared,Car,Unregistered,2,0,56
16,45.43,Loop,Car,Registered,4,0,70
19,59.53,Loop,Car,Registered,5,0,58
11,30.42,Loop,Car,Registered,4,0,67
6,46.19,Loop,Motorbike,Registered,1,0,47
1,67.86,Loop,Car,Registered,2,0,42
2,8.15,Infrared,Car,Registered,3,0,1
16,32.84,Loop,Motorbike,Registered,2,0,57
4,31.43,Infrared,Car,Registered,2,0,28
16,42.2,Loop,Motorbike,Registered,3,0,70
23,44.28,Camera,Car,Registered,2,0,47
16,29.08,Infrared,Truck,Registered,3,0,50
16,35.18,Camera,Car,Registered,5,0,76
1,33.4,Infrared,Bus,Registered,3,0,20
1,39.74,Camera,Motorbike,Registered,2,0,32
21,48.27,Loop,Car,Registered,5,0,46
22,58.66,Loop,Motorbike,Registered,3,0,39
4,60.83,Loop,Truck,Registered,4,0,49
0,54.8,Infrared,Motorbike,Registered,1,0,27
0,31.89,Camera,Bus,Registered,5,0,29
18,44.95,Loop,Bus,Unregistered,2,0,64
1,80.61,Camera,Car,Registered,4,1,38
20,60.22,Camera,Car,Registered,1,0,55
11,38.39,Loop,Motorbike,Registered,1,0,55
5,68.73,Loop,Car,Registered,2,0,60
22,39.18,Camera,Bus,Registered,3,0,47
3,34.97,Loop,Truck,Registered,1,0,51
22,65.94,Loop,Car,Registered,1,0,52
10,25.36,Loop,Car,Registered,5,0,53
23,16.29,Infrared,Motorbike,Registered,3,0,26
16,59.12,Camera,Car,Registered,3,0,65
5,45.42,Camera,Bus,Registered,4,0,55
23,46.91,Infrared,Car,Registered,4,0,22
4,39.58,Camera,Motorbike,Registered,3,0,31
19,41.42,Loop,Car,Registered,3,0,39
1,38.13,Camera,Motorbike,Registered,2,0,29
5,35.61,Loop,Car,Registered,1,0,34
21,39.27,Infrared,Motorbike,Registered,3,0,26
10,38.8,Loop,Car,Registered,2,0,78
15,32.57,Camera,Motorbike,Registered,2,0,72
15,36.82,Camera,Bus,Registered,2,0,72
0,7.46,Camera,Car,Registered,5,0,37
8,55.27,Infrared,Car,Registered,4,0,56
5,50.85,Infrared,Car,Registered,5,0,32
15,43.73,Camera,Motorbike,Registered,1,0,59
2,48.56,Loop,Motorbike,Unregistered,3,0,27
19,49.1,Infrared,Car,Registered,3,0,58
3,34.14,Camera,Car,Registered,2,0,25
18,37.01,Camera,Car,Registered,4,0,60
2,52.92,Infrared,Motorbike,Registered,1,0,36
18,48.11,Infrared,Car,Registered,2,0,54
19,75.65,Infrared,Truck,Registered,1,1,57
6,69.29,Loop,Car,Registered,2,0,57
19,59.0,Loop,Motorbike,Registered,3,0,57
8,33.57,Camera,Car,Registered,5,0,68
0,36.53,Infrared,Car,Registered,4,0,18
7,29.97,Loop,Motorbike,Registered,3,0,49
6,49.2,Infrared,Motorbike,Registered,3,0,29
17,5.0,Camera,Truck,Unregistered,3,0,40
7,38.12,Loop,Car,Registered,3,0,49
0,40.4,Loop,Car,Registered,1,0,35
10,22.14,Loop,Motorbike,Registered,1,0,71
17,56.97,Camera,Motorbike,Registered,1,0,84
22,27.91,Infrared,Car,Registered,2,0,37
9,49.02,Loop,Car,Registered,1,0,67
2,86.76,Camera,Car,Registered,1,1,46
6,20.83,Infrared,Bus,Registered,2,0,24
15,42.77,Camera,Car,Registered,5,0,70
15,38.89,Infrared,Car,Registered,1,0,71
19,35.97,Camera,Car,Registered,5,0,58
16,56.4,Infrared,Car,Registered,4,0,54
1,61.59,Loop,Car,Registered,5,0,40
0,56.57,Infrared,Car,Registered,3,0,34
15,34.15,Camera,Car,Registered,3,0,71
11,81.51,Camera,Bus,Registered,5,1,81
4,18.45,Infrared,Car,Registered,3,0,30
4,29.51,Loop,Car,Unregistered,4,0,38
22,47.55,Loop,Bus,Registered,2,0,33
8,46.34,Infrared,Motorbike,Registered,3,0,55
8,52.32,Infrared,Car,Registered,3,0,52
2,68.7,Camera,Car,Registered,5,0,30
18,43.2,Loop,Car,Registered,4,0,52
15,46.71,Infrared,Motorbike,Registered,2,0,53
15,36.08,Loop,Truck,Registered,5,0,73
2,53.82,Infrared,Motorbike,Registered,3,0,32
19,40.22,Infrared,Motorbike,Registered,2,0,43
23,40.21,Loop,Motorbike,Registered,2,0,43
21,53.15,Infrared,Car,Registered,4,0,39
23,60.52,Infrared,Car,Registered,2,0,23
0,11.88,Camera,Motorbike,Unregistered,1,0,24
23,50.41,Infrared,Truck,Registered,5,0,42
19,40.95,Infrared,Car,Unregistered,5,0,41
10,59.21,Infrared,Motorbike,Registered,3,0,66
16,41.25,Camera,Car,Registered,3,0,73
7,64.52,Loop,Car,Registered,4,0,60
3,34.85,Camera,Car,Registered,1,0,52
5,11.55,Camera,Car,Registered,3,0,28
7,60.77,Loop,Motorbike,Registered,3,0,48
19,32.35,Camera,Car,Registered,2,0,43
2,21.3,Loop,Motorbike,Registered,2,0,24
15,45.24,Camera,Motorbike,Registered,2,0,79
2,41.41,Loop,Truck,Registered,1,0,24
17,57.35,Infrared,Car,Registered,3,0,67
13,58.39,Camera,Car,Registered,3,0,78
17,46.43,Camera,Car,Registered,5,0,57
1,31.73,Camera,Truck,Registered,4,0,19
21,49.3,Camera,Truck,Registered,2,0,35
2,47.48,Infrared,Car,Registered,5,0,23
15,53.53,Camera,Bus,Registered,2,0,73
8,31.88,Infrared,Car,Registered,4,0,58
3,38.99,Infrared,Motorbike,Registered,3,0,33
0,52.64,Infrared,Car,Registered,2,0,23
3,63.71,Infrared,Motorbike,Registered,1,0,36
0,59.49,Loop,Car,Registered,1,0,47
13,46.23,Loop,Bus,Registered,5,0,85
20,37.69,Camera,Motorbike,Registered,3,0,45
15,51.06,Loop,Motorbike,Registered,1,0,77
19,28.63,Loop,Car,Registered,5,0,57
23,32.74,Camera,Car,Registered,5,0,23
7,67.65,Camera,Car,Registered,1,0,56
6,51.03,Camera,Car,Registered,1,0,66
2,39.79,Loop,Car,Registered,5,0,29
16,57.44,Loop,Truck,Registered,1,0,48
0,64.3,Camera,Motorbike,Registered,2,0,39
15,38.33,Infrared,Car,Registered,5,0,70
11,38.59,Camera,Car,Registered,1,0,70
18,36.71,Infrared,Car,Registered,2,0,54
21,59.46,Infrared,Motorbike,Registered,2,0,46
22,59.6,Camera,Car,Registered,5,0,41
21,65.79,Camera,Truck,Registered,4,0,46
13,60.13,Camera,Car,Registered,3,0,79
5,20.52,Loop,Truck,Registered,3,0,36
5,49.21,Infrared,Bus,Unregistered,4,0,38
12,29.12,Loop,Car,Registered,4,0,67
18,37.31,Loop,Truck,Registered,4,0,49
21,47.56,Camera,Car,Registered,3,0,50
7,57.53,Loop,Bus,Registered,4,0,59
1,31.64,Camera,Car,Registered,1,0,22
20,10.13,Infrared,Bus,Registered,5,0,30
0,47.71,Camera,Bus,Registered,5,0,36
14,84.65,Loop,Bus,Registered,2,1,77
0,41.96,Loop,Motorbike,Registered,1,0,36
4,45.7,Camera,Car,Registered,5,0,40
15,71.73,Camera,Car,Registered,1,0,79
18,53.85,Loop,Car,Registered,3,0,56
3,48.25,Infrared,Car,Registered,3,0,16
2,51.63,Infrared,Motorbike,Registered,2,0,14
16,48.75,Camera,Car,Registered,3,0,73
16,27.9,Infrared,Truck,Registered,4,0,58
11,24.88,Loop,Motorbike,Registered,1,0,67
13,73.3,Camera,Bus,Registered,5,0,82
20,47.76,Loop,Car,Registered,1,0,48
5,46.5,Loop,Bus,Unregistered,3,0,48
2,43.65,Infrared,Truck,Registered,2,0,30
8,56.72,Camera,Car,Registered,2,0,70
4,83.08,Camera,Motorbike,Registered,3,1,51
23,52.86,Infrared,Motorbike,Registered,2,0,29
16,36.18,Loop,Car,Registered,1,0,65
13,43.0,Loop,Car,Registered,1,0,65
20,61.06,Loop,Car,Registered,3,0,47
2,36.26,Loop,Car,Registered,2,0,31
0,57.78,Camera,Car,Registered,1,0,39
19,10.19,Camera,Car,Registered,1,0,45
20,41.55,Infrared,Car,Registered,4,0,30
22,54.42,Infrared,Car,Registered,4,0,39
0,64.05,Camera,Truck,Registered,1,0,46
2,32.72,Camera,Car,Registered,3,0,43
17,22.46,Loop,Truck,Unregistered,5,0,59
9,41.09,Loop,Car,Registered,5,0,60
21,28.12,Infrared,Car,Registered,1,0,25
2,42.76,Camera,Car,Registered,1,0,45
7,44.9,Infrared,Car,Registered,1,0,48
13,25.21,Camera,Car,Registered,3,0,71
23,57.07,Loop,Motorbike,Registered,1,0,35
17,42.64,Infrared,Car,Registered,1,0,53
14,61.21,Infrared,Motorbike,Registered,1,0,74
21,17.33,Camera,Motorbike,Registered,1,0,30
22,29.74,Loop,Car,Registered,3,0,45
1,52.75,Infrared,Car,Registered,1,0,38
9,33.01,Loop,Motorbike,Registered,1,0,56
1,42.53,Infrared,Car,Unregistered,5,0,20
16,45.01,Loop,Car,Registered,1,0,51
7,47.37,Camera,Truck,Registered,1,0,46
0,34.84,Infrared,Car,Registered,2,0,29
8,47.24,Infrared,Motorbike,Registered,2,0,54
10,33.26,Loop,Truck,Registered,1,0,66
21,55.11,Loop,Car,Registered,5,0,31
15,43.28,Infrared,Car,Registered,1,0,60
6,47.33,Camera,Car,Registered,5,0,59
9,83.55,Loop,Car,Registered,4,1,70
22,28.39,Loop,Car,Registered,4,0,24
2,65.83,Loop,Motorbike,Registered,3,0,36
17,5.11,Infrared,Car,Registered,3,0,41
23,13.82,Infrared,Car,Registered,1,0,23
12,26.39,Infrared,Truck,Registered,1,0,61
6,27.34,Infrared,Bus,Registered,4,0,40
3,48.06,Camera,Motorbike,Registered,3,0,29
12,49.35,Camera,Car,Registered,1,0,72
19,41.18,Infrared,Motorbike,Registered,2,0,53
0,42.75,Camera,Car,Registered,3,0,25
7,52.92,Loop,Car,Registered,2,0,46
13,57.5,Loop,Car,Registered,4,0,76
15,25.1,Loop,Bus,Registered,4,0,66
13,39.57,Infrared,Car,Registered,2,0,61
11,43.96,Loop,Car,Registered,1,0,66
18,52.28,Camera,Car,Registered,3,0,65
22,33.41,Infrared,Car,Registered,3,0,35
14,43.66,Camera,Bus,Registered,4,0,66
1,45.45,Loop,Motorbike,Registered,1,0,34
1,34.43,Loop,Motorbike,Registered,3,0,39
22,34.08,Loop,Car,Unregistered,1,0,34
21,46.48,Infrared,Car,Registered,2,0,29
18,43.04,Camera,Car,Registered,5,0,51
21,52.51,Infrared,Car,Registered,4,0,37
21,29.2,Infrared,Car,Registered,3,0,40
16,39.74,Loop,Motorbike,Registered,2,0,64
19,41.56,Infrared,Car,Registered,3,0,47
9,57.21,Infrared,Car,Registered,1,0,52
5,30.89,Loop,Car,Registered,1,0,45
14,48.52,Infrared,Car,Registered,1,0,58
21,48.79,Loop,Car,Registered,3,0,39
10,69.7,Loop,Truck,Registered,5,0,76
4,29.89,Loop,Bus,Registered,1,0,19
0,35.14,Loop,Truck,Registered,5,0,31
7,30.94,Infrared,Car,Registered,3,0,35
20,19.95,Loop,Car,Registered,5,0,40
11,71.47,Loop,Car,Registered,3,0,73
11,26.38,Infrared,Car,Registered,3,0,74
4,32.76,Infrared,Bus,Registered,4,0,26
6,64.74,Camera,Car,Registered,3,0,67
3,18.7,Infrared,Car,Registered,3,0,26
5,56.35,Infrared,Car,Registered,2,0,33
12,23.8,Camera,Car,Registered,1,0,71
19,63.7,Infrared,Motorbike,Registered,3,0,49
14,12.45,Infrared,Car,Registered,4,0,59
2,18.7,Infrared,Car,Registered,4,0,15
22,36.83,Infrared,Car,Registered,2,0,42
7,59.58,Camera,Car,Registered,3,0,64
19,44.54,Infrared,Motorbike,Registered,1,0,46
15,39.96,Infrared,Bus,Registered,5,0,74
12,65.19,Camera,Truck,Registered,3,0,79
17,77.33,Loop,Motorbike,Unregistered,2,1,77
9,55.08,Camera,Car,Registered,3,0,67
18,35.66,Loop,Motorbike,Registered,1,0,57
16,38.73,Camera,Car,Registered,2,0,66
23,25.67,Camera,Car,Registered,4,0,33
18,46.51,Infrared,Bus,Registered,4,0,53
22,20.56,Loop,Car,Registered,1,0,26
4,53.28,Infrared,Truck,Registered,1,0,31
20,75.08,Loop,Car,Registered,4,1,52
22,55.76,Camera,Motorbike,Registered,3,0,44
8,37.96,Camera,Motorbike,Registered,1,0,57
11,52.9,Loop,Bus,Registered,5,0,79
20,69.31,Infrared,Motorbike,Unregistered,2,0,53
0,68.56,Infrared,Motorbike,Registered,3,0,31
0,29.94,Infrared,Car,Registered,1,0,33
14,52.65,Infrared,Car,Registered,1,0,81
1,42.63,Camera,Car,Registered,5,0,19
21,57.1,Camera,Motorbike,Registered,3,0,54
15,50.75,Camera,Car,Registered,4,0,68
7,9.45,Camera,Motorbike,Registered,1,0,51
12,39.78,Camera,Car,Registered,3,0,81
20,47.98,Infrared,Car,Registered,1,0,36
0,23.48,Infrared,Motorbike,Registered,1,0,9
15,53.72,Infrared,Car,Registered,1,0,72
6,22.14,Infrared,Car,Registered,3,0,36
4,33.02,Camera,Car,Registered,5,0,25
21,65.12,Camera,Truck,Registered,3,0,67
22,31.74,Camera,Motorbike,Registered,1,0,41
2,53.61,Loop,Car,Registered,4,0,39
11,18.7,Infrared,Car,Registered,1,0,67
15,76.22,Infrared,Car,Unregistered,5,1,67
18,40.43,Camera,Motorbike,Registered,2,0,59
4,46.43,Infrared,Motorbike,Registered,1,0,23
21,47.69,Infrared,Car,Registered,5,0,33
13,54.11,Camera,Car,Registered,4,0,79
4,22.21,Loop,Car,Registered,5,0,20
14,44.92,Loop,Motorbike,Registered,1,0,66
16,35.12,Loop,Motorbike,Registered,3,0,56
13,19.66,Camera,Car,Registered,1,0,69
19,59.81,Infrared,Car,Registered,1,0,54
4,39.72,Camera,Car,Unregistered,2,0,44
11,48.64,Camera,Truck,Registered,5,0,79
15,47.7,Infrared,Car,Registered,2,0,74
15,39.98,Loop,Motorbike,Registered,3,0,72
20,74.63,Loop,Motorbike,Registered,1,0,67
6,44.29,Camera,Car,Registered,2,0,50
3,21.63,Loop,Car,Registered,5,0,27
0,38.99,Camera,Car,Registered,4,0,38
4,52.5,Camera,Motorbike,Registered,1,0,40
22,52.99,Infrared,Motorbike,Registered,3,0,47
9,28.68,Infrared,Motorbike,Registered,2,0,60
21,58.94,Infrared,Car,Unregistered,2,0,45
4,18.56,Camera,Car,Registered,4,0,34
3,62.16,Infrared,Truck,Registered,1,0,30
1,25.21,Loop,Motorbike,Registered,3,0,31
19,41.61,Loop,Car,Registered,3,0,43
9,60.97,Camera,Truck,Registered,1,0,79
18,46.79,Camera,Motorbike,Registered,1,0,59
0,57.25,Infrared,Motorbike,Registered,1,0,32
23,54.28,Camera,Motorbike,Registered,3,0,33
4,64.29,Camera,Bus,Registered,2,0,50
12,60.93,Loop,Motorbike,Registered,1,0,71
3,38.19,Loop,Car,Registered,1,0,37
15,54.49,Infrared,Car,Registered,3,0,71
23,22.1,Camera,Truck,Registered,2,0,27
15,44.13,Camera,Car,Registered,4,0,63
